﻿<alldata>
  <row>
    <SecId>0P0000007E</SecId>
    <CountryId>USA</CountryId>
    <Symbol>A</Symbol>
    <ExchangeId>NYSE</ExchangeId>
    <Date>2010-08-20T23:00:00</Date>
    <Status>11</Status>
    <LastPrice>28.56000</LastPrice>
    <DomesticStock>100.00</DomesticStock>
    <US>100.000</US>
    <Sector1>100.000</Sector1>
    <SuperSector1>100.000</SuperSector1>
    <SlowGrowth>100.000</SlowGrowth>
    <PTEForward>12.40690</PTEForward>
    <PTB>3.54740</PTB>
    <ROA>2.69000</ROA>
    <ROE>7.65000</ROE>
    <MarketCap>9940.67660</MarketCap>
    <StockStarRating>3</StockStarRating>
    <Category>Scientific &amp; Technical Instruments</Category>
    <ReturnYTD>-8.07850</ReturnYTD>
  </row>
  <row>
    <SecId>0P000002RH</SecId>
    <CountryId>USA</CountryId>
    <Symbol>IBM</Symbol>
    <ExchangeId>NYSE</ExchangeId>
    <Date>2010-08-20T23:00:00</Date>
    <Status>11</Status>
    <LastPrice>127.50000</LastPrice>
    <DomesticStock>100.00</DomesticStock>
    <US>100.000</US>
    <Sector1>100.000</Sector1>
    <SuperSector1>100.000</SuperSector1>
    <Cyclical>100.000</Cyclical>
    <PTEForward>10.28810</PTEForward>
    <PTB>7.63360</PTB>
    <ROA>13.54000</ROA>
    <ROE>76.92000</ROE>
    <MarketCap>160812.95420</MarketCap>
    <PTE5Year>9.33000</PTE5Year>
    <StockStarRating>3</StockStarRating>
    <Category>Diversified Computer Systems</Category>
    <ReturnYTD>-1.18410</ReturnYTD>
    <Yield>1.88000</Yield>
  </row>
  <row>
    <SecId>0P000067YZ</SecId>
    <CountryId>CAN</CountryId>
    <Symbol>BAA</Symbol>
    <ExchangeId>TOR</ExchangeId>
    <Date>2010-08-20T23:00:00</Date>
    <Status>11</Status>
    <LastPrice>1.74000</LastPrice>
    <Canada>100.000</Canada>
    <Sector9>100.000</Sector9>
    <SuperSector3>100.000</SuperSector3>
    <PTEForward>5.62110</PTEForward>
    <PTB>0.88600</PTB>
    <ROA>-1.54000</ROA>
    <ROE>-1.55000</ROE>
    <MarketCap>301.12780</MarketCap>
    <Category>Gold</Category>
    <ReturnYTD>-14.70590</ReturnYTD>
  </row>
  <row>
    <SecId>0P00002D7Z</SecId>
    <CountryId>USA</CountryId>
    <Symbol>DIA</Symbol>
    <ExchangeId>ARCX</ExchangeId>
    <Date>2010-08-20T23:00:00</Date>
    <Status>11</Status>
    <LastPrice>81.26000</LastPrice>
    <Cash>0.18726</Cash>
    <DomesticStock>99.81</DomesticStock>
    <ForeignStock>0.00</ForeignStock>
    <Bond>0.00000</Bond>
    <OtherAssetAllocation>0.00000</OtherAssetAllocation>
    <US>100.000</US>
    <Canada>0.000</Canada>
    <Europe>0.000</Europe>
    <Japan>0.000</Japan>
    <LatinAmerica>0.000</LatinAmerica>
    <Pacific>0.000</Pacific>
    <OtherRegionalExposure>0.000</OtherRegionalExposure>
    <Sector0>1.805</Sector0>
    <Sector1>15.461</Sector1>
    <Sector2>2.464</Sector2>
    <Sector3>4.173</Sector3>
    <Sector4>8.052</Sector4>
    <Sector5>11.115</Sector5>
    <Sector6>0.000</Sector6>
    <Sector7>10.389</Sector7>
    <Sector8>10.603</Sector8>
    <Sector9>25.965</Sector9>
    <Sector10>9.968</Sector10>
    <Sector11>0.000</Sector11>
    <SuperSector1>23.903</SuperSector1>
    <SuperSector2>29.556</SuperSector2>
    <SuperSector3>46.536</SuperSector3>
    <AggressiveGrowth>6.627</AggressiveGrowth>
    <SlowGrowth>20.030</SlowGrowth>
    <ClassicGrowth>24.835</ClassicGrowth>
    <SpeculativeGrowth>2.190</SpeculativeGrowth>
    <Cyclical>35.552</Cyclical>
    <Distressed>0.794</Distressed>
    <HardAsset>9.968</HardAsset>
    <HighYield>0.000</HighYield>
    <OtherStockType>0.000</OtherStockType>
    <StockStyleBox1>32.291</StockStyleBox1>
    <StockStyleBox2>57.751</StockStyleBox2>
    <StockStyleBox3>9.957</StockStyleBox3>
    <StockStyleBox4>0.000</StockStyleBox4>
    <StockStyleBox5>0.000</StockStyleBox5>
    <StockStyleBox6>0.000</StockStyleBox6>
    <StockStyleBox7>0.000</StockStyleBox7>
    <StockStyleBox8>0.000</StockStyleBox8>
    <StockStyleBox9>0.000</StockStyleBox9>
    <ExpenseRatio>0.170</ExpenseRatio>
    <PTEForward>12.92829</PTEForward>
    <PTB>2.40459</PTB>
    <ROA>8.73196</ROA>
    <ROE>27.96929</ROE>
    <MarketCap>94822.01228</MarketCap>
    <PTE5Year>8.32937</PTE5Year>
    <Category>Large Value</Category>
    <ReturnYTD>-0.69982</ReturnYTD>
    <Yield>2.44803</Yield>
    <LCash>0.18726</LCash>
    <LDomesticStock>99.81274</LDomesticStock>
    <LForeignStock>0.00000</LForeignStock>
    <LBond>0.00000</LBond>
    <LPreferred>0.00000</LPreferred>
    <LConvertible>0.00000</LConvertible>
    <LOtherAssetAllocation>0.00000</LOtherAssetAllocation>
  </row>
  <row>
    <SecId>0P00002DAS</SecId>
    <CountryId>USA</CountryId>
    <Symbol>EFA</Symbol>
    <ExchangeId>ARCX</ExchangeId>
    <Date>2010-08-20T23:00:00</Date>
    <Status>11</Status>
    <LastPrice>12.63010</LastPrice>
    <Cash>0.12263</Cash>
    <DomesticStock>0.10</DomesticStock>
    <ForeignStock>99.76</ForeignStock>
    <Bond>0.01252</Bond>
    <OtherAssetAllocation>0.00220</OtherAssetAllocation>
    <US>0.103</US>
    <Canada>0.000</Canada>
    <Europe>64.174</Europe>
    <Japan>22.081</Japan>
    <LatinAmerica>0.100</LatinAmerica>
    <Pacific>12.670</Pacific>
    <OtherRegionalExposure>0.866</OtherRegionalExposure>
    <Sector0>1.305</Sector0>
    <Sector1>1.817</Sector1>
    <Sector2>1.498</Sector2>
    <Sector3>6.767</Sector3>
    <Sector4>8.332</Sector4>
    <Sector5>5.244</Sector5>
    <Sector6>3.614</Sector6>
    <Sector7>25.570</Sector7>
    <Sector8>16.674</Sector8>
    <Sector9>16.781</Sector9>
    <Sector10>7.344</Sector10>
    <Sector11>5.048</Sector11>
    <SuperSector1>11.387</SuperSector1>
    <SuperSector2>42.760</SuperSector2>
    <SuperSector3>45.847</SuperSector3>
    <StockStyleBox1>34.430</StockStyleBox1>
    <StockStyleBox2>27.010</StockStyleBox2>
    <StockStyleBox3>27.256</StockStyleBox3>
    <StockStyleBox4>4.778</StockStyleBox4>
    <StockStyleBox5>3.359</StockStyleBox5>
    <StockStyleBox6>2.948</StockStyleBox6>
    <StockStyleBox7>0.096</StockStyleBox7>
    <StockStyleBox8>0.050</StockStyleBox8>
    <StockStyleBox9>0.069</StockStyleBox9>
    <ExpenseRatio>0.350</ExpenseRatio>
    <PTEForward>11.92620</PTEForward>
    <PTB>1.41394</PTB>
    <ROA>4.54722</ROA>
    <ROE>12.78858</ROE>
    <MarketCap>27271.93917</MarketCap>
    <PTE5Year>8.98640</PTE5Year>
    <Category>Foreign Large Blend</Category>
    <ReturnYTD>-7.32193</ReturnYTD>
    <Yield>2.61657</Yield>
    <LCash>0.12268</LCash>
    <LDomesticStock>0.10290</LDomesticStock>
    <LForeignStock>99.80148</LForeignStock>
    <LBond>0.01253</LBond>
    <LPreferred>0.00000</LPreferred>
    <LConvertible>0.00000</LConvertible>
    <LOtherAssetAllocation>0.00220</LOtherAssetAllocation>
    <SCash>-0.04182</SCash>
    <SBond>0.00000</SBond>
    <SPreferred>0.00000</SPreferred>
    <SConvertible>0.00000</SConvertible>
    <SOtherAssetAllocation>0.00000</SOtherAssetAllocation>
  </row>
  <row>
    <SecId>0P00002SZH</SecId>
    <CountryId>USA</CountryId>
    <Symbol>VFINX</Symbol>
    <ExchangeId>NAS</ExchangeId>
    <Date>2010-08-19T23:00:00</Date>
    <Status>11</Status>
    <LastPrice>99.32000</LastPrice>
    <Cash>0.11100</Cash>
    <DomesticStock>99.89</DomesticStock>
    <ForeignStock>0.00</ForeignStock>
    <Bond>0.00000</Bond>
    <OtherAssetAllocation>0.00000</OtherAssetAllocation>
    <US>100.000</US>
    <Canada>0.000</Canada>
    <Europe>0.000</Europe>
    <Japan>0.000</Japan>
    <LatinAmerica>0.000</LatinAmerica>
    <Pacific>0.000</Pacific>
    <OtherRegionalExposure>0.000</OtherRegionalExposure>
    <Sector0>4.186</Sector0>
    <Sector1>11.294</Sector1>
    <Sector2>3.132</Sector2>
    <Sector3>4.950</Sector3>
    <Sector4>11.210</Sector4>
    <Sector5>8.793</Sector5>
    <Sector6>3.461</Sector6>
    <Sector7>16.312</Sector7>
    <Sector8>11.376</Sector8>
    <Sector9>10.841</Sector9>
    <Sector10>10.771</Sector10>
    <Sector11>3.667</Sector11>
    <SuperSector1>23.562</SuperSector1>
    <SuperSector2>39.776</SuperSector2>
    <SuperSector3>36.655</SuperSector3>
    <AggressiveGrowth>15.136</AggressiveGrowth>
    <SlowGrowth>17.253</SlowGrowth>
    <ClassicGrowth>17.521</ClassicGrowth>
    <SpeculativeGrowth>1.679</SpeculativeGrowth>
    <Cyclical>32.976</Cyclical>
    <Distressed>1.096</Distressed>
    <HardAsset>11.434</HardAsset>
    <HighYield>1.823</HighYield>
    <OtherStockType>1.077</OtherStockType>
    <StockStyleBox1>29.078</StockStyleBox1>
    <StockStyleBox2>29.785</StockStyleBox2>
    <StockStyleBox3>28.350</StockStyleBox3>
    <StockStyleBox4>4.377</StockStyleBox4>
    <StockStyleBox5>4.466</StockStyleBox5>
    <StockStyleBox6>3.771</StockStyleBox6>
    <StockStyleBox7>0.116</StockStyleBox7>
    <StockStyleBox8>0.038</StockStyleBox8>
    <StockStyleBox9>0.015</StockStyleBox9>
    <ExpenseRatio>0.180</ExpenseRatio>
    <PTEForward>12.81201</PTEForward>
    <PTB>1.84268</PTB>
    <ROA>7.97981</ROA>
    <ROE>20.26759</ROE>
    <MarketCap>40530.95127</MarketCap>
    <PTE5Year>9.77429</PTE5Year>
    <Category>Large Blend</Category>
    <ReturnYTD>-2.73861</ReturnYTD>
    <Yield>2.05219</Yield>
    <LCash>0.11100</LCash>
    <LDomesticStock>99.88900</LDomesticStock>
    <LForeignStock>0.00000</LForeignStock>
    <LBond>0.00000</LBond>
    <LPreferred>0.00000</LPreferred>
    <LConvertible>0.00000</LConvertible>
    <LOtherAssetAllocation>0.00000</LOtherAssetAllocation>
  </row>
  <row>
    <SecId>0P00002UQ7</SecId>
    <CountryId>USA</CountryId>
    <Symbol>WFIVX</Symbol>
    <ExchangeId>NAS</ExchangeId>
    <Date>2010-08-19T23:00:00</Date>
    <Status>11</Status>
    <LastPrice>9.42000</LastPrice>
    <Cash>0.46326</Cash>
    <DomesticStock>99.34</DomesticStock>
    <ForeignStock>0.18</ForeignStock>
    <Bond>0.00000</Bond>
    <OtherAssetAllocation>0.02165</OtherAssetAllocation>
    <US>99.822</US>
    <Canada>0.058</Canada>
    <Europe>0.030</Europe>
    <Japan>0.000</Japan>
    <LatinAmerica>0.086</LatinAmerica>
    <Pacific>0.000</Pacific>
    <OtherRegionalExposure>0.000</OtherRegionalExposure>
    <Sector0>4.820</Sector0>
    <Sector1>10.558</Sector1>
    <Sector2>2.493</Sector2>
    <Sector3>5.116</Sector3>
    <Sector4>11.512</Sector4>
    <Sector5>9.075</Sector5>
    <Sector6>4.215</Sector6>
    <Sector7>16.651</Sector7>
    <Sector8>10.340</Sector8>
    <Sector9>11.066</Sector9>
    <Sector10>10.721</Sector10>
    <Sector11>3.427</Sector11>
    <SuperSector1>22.987</SuperSector1>
    <SuperSector2>41.453</SuperSector2>
    <SuperSector3>35.554</SuperSector3>
    <AggressiveGrowth>15.891</AggressiveGrowth>
    <SlowGrowth>16.732</SlowGrowth>
    <ClassicGrowth>12.692</ClassicGrowth>
    <SpeculativeGrowth>3.406</SpeculativeGrowth>
    <Cyclical>33.028</Cyclical>
    <Distressed>3.000</Distressed>
    <HardAsset>12.702</HardAsset>
    <HighYield>1.633</HighYield>
    <OtherStockType>0.911</OtherStockType>
    <StockStyleBox1>25.006</StockStyleBox1>
    <StockStyleBox2>24.477</StockStyleBox2>
    <StockStyleBox3>24.358</StockStyleBox3>
    <StockStyleBox4>6.233</StockStyleBox4>
    <StockStyleBox5>6.119</StockStyleBox5>
    <StockStyleBox6>5.834</StockStyleBox6>
    <StockStyleBox7>2.787</StockStyleBox7>
    <StockStyleBox8>2.725</StockStyleBox8>
    <StockStyleBox9>2.457</StockStyleBox9>
    <ExpenseRatio>0.770</ExpenseRatio>
    <PTEForward>14.54430</PTEForward>
    <PTB>1.93334</PTB>
    <ROA>5.54433</ROA>
    <ROE>15.19568</ROE>
    <MarketCap>26310.60465</MarketCap>
    <PTE5Year>10.67420</PTE5Year>
    <Category>Large Blend</Category>
    <ReturnYTD>-2.28928</ReturnYTD>
    <Yield>1.35254</Yield>
    <LCash>0.46326</LCash>
    <LDomesticStock>99.33795</LDomesticStock>
    <LForeignStock>0.17714</LForeignStock>
    <LBond>0.00000</LBond>
    <LPreferred>0.00000</LPreferred>
    <LConvertible>0.00000</LConvertible>
    <LOtherAssetAllocation>0.02165</LOtherAssetAllocation>
    <SCash>-0.00840</SCash>
    <SBond>0.00000</SBond>
    <SPreferred>0.00000</SPreferred>
    <SConvertible>0.00000</SConvertible>
    <SOtherAssetAllocation>0.00000</SOtherAssetAllocation>
  </row>

</alldata>