<assembly>
  <id>bin</id>
  <formats>
    <format>zip</format>
  </formats>
  <fileSets>
    <fileSet>
      <directory>src/main/bin</directory>
      <outputDirectory>bin</outputDirectory>
      <fileMode>0777</fileMode>
    </fileSet>
    <fileSet>
      <directory>src/main/conf</directory>
      <outputDirectory>conf</outputDirectory>
    </fileSet>
    <fileSet>
      <directory>target/site</directory>
      <outputDirectory>docs</outputDirectory>
    </fileSet>
  </fileSets>
  <dependencySets>
    <dependencySet>
      <outputDirectory>/webapp</outputDirectory>
      <outputFileNameMapping>${artifact.artifactId}${dashClassifier?}.${artifact.extension}
      </outputFileNameMapping>
      <unpack>true</unpack>
      <includes>
        <include>${pom.groupId}:jbehave-web-runner</include>
      </includes>
    </dependencySet>
    <dependencySet>
      <outputDirectory>/lib</outputDirectory>
      <outputFileNameMapping>${artifact.artifactId}${dashClassifier?}.${artifact.extension}
      </outputFileNameMapping>
      <unpack>false</unpack>
    </dependencySet>
  </dependencySets>
</assembly>