<?xml version="1.0" encoding="UTF-8"?><?xml-stylesheet type='text/xsl' href='_UpgradeReport_Files/UpgradeReport.xslt'?><UpgradeLog>
<Properties><Property Name="Solution" Value="MyJQuery">
</Property><Property Name="Solution File" Value="D:\Kylin\MyStudy\JQuery\MyJQuery\MyJQuery.sln">
</Property><Property Name="Date" Value="Monday, June 21, 2010">
</Property><Property Name="Time" Value="9:35 AM">
</Property></Properties><Event ErrorLevel="0" Project="" Source="MyJQuery.sln" Description="Solution converted successfully">
</Event><Event ErrorLevel="3" Project="" Source="MyJQuery.sln" Description="Converted">
</Event></UpgradeLog>