<?xml version="1.0" encoding="UTF-8"?>
<archetype-descriptor xsi:schemaLocation="http://maven.apache.org/plugins/maven-archetype-plugin/archetype-descriptor/1.0.0 http://maven.apache.org/xsd/archetype-descriptor-1.0.0.xsd" name="jbehave-web-flash-webdriver"
    xmlns="http://maven.apache.org/plugins/maven-archetype-plugin/archetype-descriptor/1.0.0"
    xmlns:xsi="http://www.w3.org/2001/XMLSchema-instance">
  <requiredProperties>
    <requiredProperty key="jbehaveCoreVersion">
      <defaultValue>${jbehave.core.version}</defaultValue>
    </requiredProperty>
    <requiredProperty key="jbehaveWebVersion">
      <defaultValue>${jbehave.web.version}</defaultValue>
    </requiredProperty>
    <requiredProperty key="jbehaveSiteVersion">
      <defaultValue>${jbehave.site.version}</defaultValue>
    </requiredProperty>
  </requiredProperties>    
  <fileSets>
    <fileSet filtered="true" packaged="true" encoding="UTF-8">
      <directory>src/main/java</directory>
      <includes>
        <include>**/*.java</include>
      </includes>
    </fileSet>
    <fileSet packaged="true" encoding="UTF-8">
      <directory>src/main/stories</directory>
      <includes>
        <include>**/*.story</include>
      </includes>
    </fileSet>
    <fileSet filtered="true" encoding="UTF-8">
      <directory>src/main/webapp</directory>
      <includes>
        <include>**/*.html</include>
      </includes>
    </fileSet>
    <fileSet encoding="UTF-8">
      <directory>src/main/webapp</directory>
      <includes>
        <include>**/*.js</include>
        <include>**/*.swf</include>
      </includes>
    </fileSet>
  </fileSets>
</archetype-descriptor>
